word,count
circumstance,19
women,18
harringtons,1
conceals,1
begins,4
earnest,15
interesting,14
one's,5
except,24
recollecting,4
evenings,4
wonders,3
restoration,3
train,1
expenses,5
exceptional,1
romantic,1
metcalf's,1
uncompanionable,1
hurst,32
given,56
shrink,1
love',1
younge,4
dovedale,1
minds,4
scandalous,3
professions,6
mildly,1
thither,9
charged,1
employee,1
pin,1
market,2
inconvenience,6
privately,3
quickly,4
re,5
unexampled,1
contrive,3
ensure,2
subsist,1
military,1
mother's,25
distracted,2
hence,1
social,1
tide,2
nephew's,2
nettled,1
abusing,3
perceptible,1
relations',2
annoyed,1
perverseness,6
embracing,2
astonished,14
fact,14
here's,1
cooks,1
fidget,1
strangers,4
acrimony,1
selfishness,1
kent,14
disliking,1
six,10
electronically,2
expressive,2
society,33
bitterest,1
aunts,1
shaken,3
unembarrassed,2
miserably,1
inaccurate,1
completion,1
jealous,3
expressly,1
won't,1
doing,25
weather,6
pale,4
father,116
minuteness,1
stroll,1
sometimes,34
pitiable,3
consists,1
negligent,1
'keep,1
weak,7
tries,1
attracted,2
stubbornness,1
observed,27
vice,3
valid,1
insufficient,10
receiving,21
lucases',1
grandeur,4
anyone,29
envied,2
sleeves,1
secure,14
finest,2
sanguine,2
struggling,1
coppice,1
hearty,2
appetite,2
mamma,10
modification,1
luck,4
theatre,1
sensible,31
'lydia,1
cheat,1
serviceable,1
captivate,1
superintends,1
arrival,30
presented,2
ours,2
monthly,1
leisure,13
having,95
country,43
modern,2
feature,2
brilliancy,2
approbation,7
history,4
clear,9
meant,26
positive,3
content,1
portion,3
moment's,6
sweetest,3
adequate,1
presence,6
seek,8
picturesque,1
breakfast,26
portrait,1
employees,2
owner,9
current,1
precisely,1
fonder,2
scenes,3
guiding,1
unabated,1
defective,4
passages,2
mend,5
poured,1
fears,9
principles,1
rejoicing,4
bridge,3
keener,1
piling,1
shook,11
hardened,1
proxy,1
yawn,2
improvement,9
conditional,1
blue,2
violation,2
strangeness,1
smart,2
daily,3
entertained,7
'yes,1
inhabitants,3
oakham,1
worked,4
inflicted,1
busy,1
peculiarities,1
distant,5
delightful,18
advantage,34
intruder,1
gowns,2
polite,5
aspect,6
even,84
always,118
tempered,1
pretty,24
summer,19
therefore,74
discontented,2
being,174
undertaking,1
february,1
stopped,6
puffed,1
forget,17
charles,6
honestly,4
low,8
assented,2
token,1
engaged,36
sloping,1
refusals,1
wasting,1
confessed,4
puddles,1
missing,1
weighty,1
three,60
particular,30
recurring,1
discernment,2
death,8
relating,5
peep,1
unaffectedly,2
practises,2
gratitude,24
situation,38
gig,1
main,1
condescension,7
creative,1
share,15
hot,3
value,9
ablution,1
endeavouring,5
inattention,2
face,27
inevitably,1
round,17
countries,1
beauty,27
congratulate,7
security,3
fool,2
whisper,9
tempted,7
grapes,1
remorse,1
footstool,1
bennet's,29
displayed,4
solitary,4
subsequent,1
darcy,374
thanked,7
ere,2
door,34
overset,1
rectory,1
eccentric,1
austen,4
pursuits,1
furnished,1
offenses,3
conceal,13
neighbours,10
detection,2
vulgarity,1
ambition,1
anticipated,4
until,3
bridegroom,1
termination,2
tricks,1
york,1
reckon,1
indecorum,1
steadiness,1
explain,6
naming,1
limited,5
contrariety,1
street,18
counting,1
argument,5
arising,5
a,1982
vanilla,2
attributed,5
obstacles,2
effectually,3
kind,62
peevish,2
laying,2
winter,15
unrestrained,1
flattered,7
leaves,2
complimented,3
black,1
better,92
bordered,2
mixing,1
wisely,4
everyone,5
dispense,1
dispirited,1
parcels,2
down,73
deceived,13
disconcerted,3
entailed,6
packed,1
sixpence,1
scarcity,1
consoled,2
surprised,34
depravity,1
height,3
connivance,1
disputable,1
check,6
incomprehensible,2
unsuccessfully,1
penetration,2
softness,1
playing,6
indulged,2
remembered,9
everywhere,2
fashion,7
strange,10
borrow,2
owes,2
persuaded,25
prohibited,1
evidently,5
ridicule,5
imaginary,5
continuing,2
defended,1
recover,6
overhear,1
forbidding,1
resolved,31
relative,3
uncommonly,9
strenuously,2
locations,2
proper,20
gallantry,8
redistributing,2
what's,1
south,1
willingness,3
reporting,1
deceive,4
schemes,7
acceded,1
designedly,1
compensation,1
jones's,1
dawson,1
took,53
resent,4
replies,1
eyeing,1
punishment,5
about,126
humble,9
england,5
disturb,1
despising,2
commonly,1
battled,1
insignificance,3
sisters,73
lamented,1
for,1051
miller's,1
indifference,17
lifetime,1
equalled,1
gentleman,31
two,131
collins,156
privileged,3
bourgh's,4
aware,14
ensigncy,1
honours,2
personage,1
lottery,3
sentence,14
entreaty,7
hang,1
decked,1
recovery,3
modesty,6
decorum,4
guardianship,3
vivacity,2
entreated,2
delivering,1
catch,4
insulted,1
http,8
constrained,1
histories,1
convenient,5
communicate,3
indebted,8
advancement,1
season,3
banish,3
guided,2
torment,1
thirdly,2
word,49
stranger,12
support,11
supposition,4
rescue,1
perform,5
audible,1
use,26
superiority,1
prey,2
escape,10
desertion,1
amusement,12
talker,1
indignity,2
communicative,1
dishes,1
transferred,1
hears,1
narrowest,1
colder,1
nearest,5
billiard,1
degenerate,1
exist,1
filled,1
displeased,4
object,48
shades,1
marrying,23
resentment,17
look,56
construction,1
affronted,2
amusing,4
inured,1
grieved,11
beatings,1
rooms,8
appear,31
submitted,1
thwarted,1
executed,1
attraction,3
concluding,1
laughingly,2
meeting,22
exposure,1
messages,1
tacit,1
chaise,11
crown,1
practising,1
quadrille,4
scrupled,2
dignity,5
refute,1
walking,26
family,151
blown,1
silenced,1
unavoidably,1
repaid,2
unlucky,10
unreasonably,1
fortunate,15
pieces,2
pools,1
reflected,3
excel,2
mouths,2
mince,1
angrily,1
repeatedly,9
secrets,1
resigning,1
arts,4
merely,32
neglect,10
clement's,1
apprehension,12
sickly,4
now,199
granted,1
cast,2
abused,2
abrupt,1
adorned,3
dispelling,1
taking,18
person's,2
acquisition,1
bring,18
strangely,1
prospect,14
receipt,4
deserts,2
brains,1
characterise,1
coincidence,1
excepting,3
trunks,1
agree,15
finished,10
brother's,13
email,3
prepare,8
member,1
falsehood,7
bride,3
slowly,4
heinous,1
birmingham,1
keeps,3
exclamation,2
conversing,3
relate,11
week,29
adieu,5
read,42
asserting,1
apartment,4
though,216
stays,1
crossing,2
petticoat,3
campful,1
hypocritical,2
provide,11
reputation,3
vexation,10
genuine,2
paying,6
respectability,5
gave,54
find,58
eye,15
hundreds,1
motion,1
interest,26
write,38
favours,2
jilt,1
christmas,6
interpretation,1
spots,2
amusements,3
unbecoming,1
proof,7
water,4
sprang,1
around,2
distributor,1
impressed,1
mentioning,7
news,32
fearing,3
jumping,1
hour's,3
scene,16
infancy,2
requited,1
barouche,1
excuses,2
discouraged,2
preserved,4
supposed,26
prejudice,11
bath,1
unsuspicious,1
transpired,1
attentive,10
money,28
discern,2
discompose,1
justification,1
daughters',1
conclude,5
vogue,1
silliest,1
poetry,2
replying,3
frighted,1
warded,1
languor,1
residing,1
gratefully,4
people,49
noise,3
apprehensions,2
devote,1
acute,2
imitation,1
tumult,3
dearest,16
quieter,1
there's,2
sit,15
utf,1
acquaint,2
moralize,1
polluted,1
tour,6
spare,7
lizzy,84
northward,1
every,197
save,3
considerations,1
'mr,1
disrespect,2
chanced,1
calculated,4
fool's,1
false,12
earnestness,2
mistake,8
resist,4
exclusion,2
facts,1
weakness,5
faithful,3
venturing,1
moved,9
daughter,77
unwillingness,3
ducks,1
nobody,16
celebrated,2
removed,18
rising,7
unfortunately,3
examine,2
henceforth,1
stupider,1
drove,11
arrange,1
month,7
withdrawing,1
ridiculing,1
solace,1
gaze,1
rapturous,2
dishonorable,1
planned,3
whenever,23
proceeded,10
rank,12
prone,2
names,6
length,32
among,25
game,7
endured,4
spending,5
exclude,1
likely,38
station,2
distrusted,1
injuring,1
extorted,1
end,31
elect,1
yourselves,2
thought,112
gradually,6
drink,7
respectful,1
dare,40
unavailing,2
withheld,4
incapable,8
reconcile,1
yourself,50
increased,11
requesting,2
becomes,4
life,57
vulgar,2
safely,3
guardian,1
chiefly,10
release,2
lift,4
apothecary,2
subsisted,2
instruct,1
beauteous,1
impression,7
exceeding,1
ungraciousness,1
instance,7
circuit,1
route,3
relationship,12
elevation,1
undeceive,1
costs,2
accepting,5
enumerating,5
cruelty,4
similarity,2
detached,3
confederacy,1
barnet,2
started,4
periods,1
striking,3
housemaid,2
exposed,2
afflicted,1
removal,7
resisting,1
comprehends,1
parts,5
singling,1
guardians,1
revealing,1
intimately,2
offer,28
imply,1
remained,23
thence,1
captain,4
pianoforte,5
recollection,12
journey,21
rambled,1
gaming,1
vexations,1
provocations,1
introduction,11
pages,2
yielded,2
comfortable,12
warehouses,2
employing,1
paperwork,1
taller,1
kindred,1
exporting,1
leave,62
trunk,1
inevitable,3
slit,1
pointing,5
effect,18
shew,1
dines,1
invalidity,1
presently,2
vanish,1
reel,2
rudeness,2
creation,1
duets,1
hereafter,3
engaging,6
forfeit,1
grain,1
unhappy,12
reliance,3
firmness,1
powerful,3
equally,20
transcription,1
definition,1
strength,6
succeeded,7
purposely,6
pleasure,92
bewitched,1
expectation,18
consenting,1
cheerfully,2
pleasantry,2
handsomest,4
enforced,1
quite,96
wisdom,1
busily,3
addressed,17
airing,1
regardless,2
brightest,2
opposite,11
bequeathed,1
uproar,1
suppressed,2
should,247
confirm,1
unassailed,1
promoting,2
catherine's,16
grouped,1
sons,2
rallied,2
identify,1
teach,5
performance,6
saving,3
harriet,2
sustained,1
whist,5
breathed,1
permitted,3
venting,1
exists,1
measure,5
greatly,14
provoke,5
financial,1
contemptuously,1
incivility,3
forth,12
scarce,1
observances,1
overtures,1
actuated,1
resolving,7
rites,1
perseverance,3
dearly,3
agreeably,3
reproached,2
exercising,2
respect,30
repulsed,1
apply,4
levelled,1
saved,3
proprietor,3
construed,1
misunderstood,4
lessened,1
acquiescence,2
useless,6
admirer,3
burning,1
hertfordshire,41
justifying,1
wavering,1
agent,1
teased,2
extenuating,1
opinions,8
animation,4
writer,3
paddock,3
hour,22
immovable,2
know,237
gladly,1
humility,5
repress,1
treasured,1
alluded,6
fruits,2
overpower,1
neices,1
bustle,1
consolation,10
hate,8
seconding,1
exigence,1
prevailing,2
foresee,1
dissemble,1
discerning,1
regular,3
absence,27
farewell,3
conjectures,4
press,4
wants,11
equivocal,1
victory,1
shrug,1
urged,6
worthlessness,1
pang,1
impetuous,1
challenge,1
muslins,1
boundary,2
unable,14
suffering,2
whatsoever,2
affectionately,4
chapter,61
fat,1
surpassing,1
she,1668
accept,18
'violently,1
reasonable,15
soliciting,2
generality,2
supply,7
prognostics,1
unexpected,8
scarlet,2
mediocrity,1
fun,8
partial,10
rain,4
narrowly,2
own,182
fulfil,1
cheerfulness,6
prodigiously,3
investigation,1
partners,3
along,9
longer,44
disposition,25
chosen,8
persists,1
dimensions,1
worst,7
retrospective,1
held,5
since,56
music,12
painfully,2
some,203
tremblings,1
promises,3
augment,1
habitual,1
come,89
mistaken,21
exasperate,2
between,62
tiresome,2
energy,5
possessing,1
ensign,1
ear,1
blameless,1
fall,9
fordyce's,1
prevail,2
terms,43
serve,2
coat,4
worthless,2
french,1
excess,2
persevered,1
bounty,1
fresh,9
decide,4
affected,19
criticisms,1
digressions,1
in,1909
listened,21
interrupting,2
entailing,1
vastly,1
pool,1
sparkled,2
obeyed,3
pursuit,6
faintly,1
truth,27
light,18
irritated,1
console,9
sensations,3
chose,16
stupid,3
healthy,1
undervaluing,1
inquire,10
thereby,2
solemn,5
does,80
forgiven,1
recommending,2
did,257
estates,4
detach,1
endeavour,20
curricle,2
accomplishments,5
spurned,1
altar,1
run,11
consisted,2
bets,1
chamberlayne,1
chagrin,1
senses,4
misleading,1
absolute,4
dispositions,1
closest,2
fifteen,4
concealing,1
confession,3
opportunity,30
inviting,3
obtruded,2
quieted,2
supercilious,1
easy,25
complaisant,1
fretfully,2
altered,7
derives,1
tolerable,14
proclaim,1
out,136
anger,13
shoot,3
follow,12
ought,44
lease,1
sort,38
solitude,3
patronage,4
lest,8
disobliging,1
abroad,4
deserving,2
conclusion,8
misleads,1
concurrence,2
trust,15
powers,6
widow,3
dear,153
play,18
inform,7
real,31
revolted,1
happy,83
conciliating,1
downloading,1
ma'am,7
vanished,2
allowance,2
suspect,4
eagerness,8
finding,13
judgement,11
somebody,7
females,2
depart,4
remedy,2
revival,1
dove,1
favourable,12
invent,1
damp,1
liking,2
qualifications,1
behaviour,55
cogent,1
friends',1
would,465
several,24
withstood,1
return,52
proprietary,1
servant's,2
ordered,8
mrs,338
tuesday,12
laid,8
intelligence,19
condemned,2
meet,32
intend,3
heartily,10
dreading,1
needed,3
degrees,1
allude,1
chamber,1
parasol,2
admission,1
proudest,1
heal,1
equivalent,1
proportionate,1
amiable,36
induce,3
lucky,6
productive,1
renewing,2
tranquilly,1
indelicacy,2
pronounced,10
doubtingly,1
tortured,1
revolving,1
endure,1
unwearying,1
lydia's,38
emotion,5
undergone,2
boys,3
marked,15
top,1
driving,4
fetched,1
ungenerous,3
losing,1
substantial,2
subsisting,2
laugh,15
benefited,4
mortifying,6
fortunately,2
circumspect,1
based,2
trembled,1
gardener,1
related,16
remove,3
george,8
answerable,2
rapidly,2
instant,6
impose,2
northern,3
keenest,3
disappoint,2
stuffy,1
forlorn,1
call,28
owns,3
abhorrence,6
smallest,11
overtaken,1
bodies,1
suddenly,16
exert,2
felicity,18
rendered,11
rated,1
resemblance,7
boldly,1
constancy,1
amply,2
processing,1
sentiments,10
lamentations,3
curtains,1
sermons,3
importing,1
indulge,5
topics,1
threw,9
'i,1
repugnance,1
provoking,3
insists,1
deranged,1
miserly,1
robinson,2
awkward,10
william,39
everyone's,1
benches,1
compressed,1
transcribe,1
inclined,10
parental,1
detail,1
beg,17
remark,3
misfortunes,4
collecting,2
oddly,1
implacability,1
single,12
giving,25
sallied,1
bringing,12
shrewish,1
sorely,1
beneficial,1
agonies,1
improved,6
number,8
aid,1
weaknesses,1
audience,2
maiden,1
compass,1
days,34
courtship,2
divert,1
innocent,2
supported,4
expostulation,1
jumped,1
settled,48
neighbour,8
war,1
acting,3
watering,1
choosing,1
wedding,14
person,53
smile,29
pardon,15
rule,2
charlotte's,17
correspondent,2
accusations,3
discussion,5
critical,2
harp,1
elopement,9
simply,1
follies,4
happier,3
dreadful,11
ungovernable,1
corruption,1
brother,66
regulated,1
grantley's,1
yawned,1
successively,1
subjection,1
tallest,1
sigh,2
mine,11
girl,38
requester,1
holding,2
conscience,5
offers,6
fallen,3
put,31
hazarded,1
quantity,1
saturday,17
envelope,3
bows,2
conference,4
affable,1
sleeping,1
unsubdued,1
nowadays,1
intentions,6
charms,4
latter,22
cheeks,4
partiality,13
fireplace,1
continue,9
web,6
circle,7
disgrace,11
front,5
studies,2
buy,4
forgiveness,2
impulse,3
approved,3
settlement,2
operated,1
linked,1
pressed,2
expect,35
omitted,1
ceased,6
beaux,1
degradation,1
rocks,1
prefaced,1
closure,1
absent,4
st,7
briefly,4
instead,21
repressing,1
reply,26
acquaintances,11
mortification,6
unhappily,3
feeling,38
horrid,3
servants,12
precipitate,2
liveliness,4
friendless,1
empty,1
disadvantages,2
taught,8
glory,1
plans,3
scolding,2
printed,2
peak,1
although,1
requirements,4
fail,6
invariable,1
works,32
seized,2
willingly,3
fashions,2
superintended,1
delight,25
lighted,1
revolution,1
remember,20
mirth,2
engross,1
societies,1
testified,2
trace,4
distinguishing,2
concerning,7
distressing,6
hatfield,1
reaching,4
mountains,2
encouraging,4
distinguished,6
warmest,2
display,5
impatiently,5
ancient,1
pyramids,1
maid,3
sedate,1
irs,1
direction,10
resolve,2
choice,15
ball,36
felicitations,1
shelves,1
expression,21
voice,22
truest,1
premeditated,1
than,282
ever,130
suggesting,1
women's,1
arrested,2
soup,2
discuss,2
popular,1
dirt,2
evening,72
bright,1
list,3
desponding,1
prosperous,2
expecting,5
repentance,1
newspaper,1
have,838
esteemed,7
care,34
steadfastly,3
otherwise,16
smiles,10
dread,4
justice,15
planning,2
dictates,1
lower,4
applicable,3
unnatural,2
application,12
withdrew,5
their,440
intentionally,2
myself,93
surest,1
indelicate,1
affect,3
side,54
strongly,8
smilingly,2
alternative,3
annual,1
mild,1
inducements,1
bathing,1
played,1
unprincipled,1
vestibule,5
unassuming,3
entail,8
might,200
infringement,1
tempt,4
named,2
confide,1
employed,8
married,61
silent,26
commanded,2
perverse,1
untamed,1
accosted,2
projected,1
god,3
arguments,5
intermarriage,1
accomplishment,3
before,229
wrong,15
delights,2
stoke,1
courses,3
converting,1
bestowed,8
descended,3
wantonly,1
connubial,1
depended,4
paling,1
womanly,1
necessarily,4
petition,1
mount,2
motives,7
uncivil,5
uttered,5
lady's,8
wilfully,3
incessantly,2
figures,1
clue,1
heighten,1
wilderness,1
presuming,2
spasms,1
paragraphs,3
formality,3
professed,4
mortified,5
expences,1
farm,2
capers,1
congratulated,2
pouring,1
peculiarity,1
performs,1
penance,1
implies,1
heirs,1
bewildered,1
accessed,1
seizing,1
retreating,1
situated,4
performances,1
gloried,1
laudable,1
scampering,1
dilatory,2
flatter,10
inspired,2
darting,1
british,1
inoffensive,1
exaggerate,1
called,41
honoured,9
arrangements,1
gentleness,4
horsewoman,1
veracity,2
limitation,3
sings,1
reserves,3
individual,6
recalled,2
lie,1
accessible,1
lawfully,1
acknowledge,8
declared,15
disclosed,1
plenty,1
white,3
hospitality,3
express,25
misled,1
inmates,1
doubly,1
clump,1
meaning,14
housemaids,1
lucases,13
regarding,1
inmate,1
years',2
treat,5
disguise,4
refreshing,2
lizzy's,2
preserve,5
spring,5
reflection,10
solicitude,8
accents,2
dullness,1
source,6
it,1482
compatible,2
what,434
plan,13
flowing,1
thoughtless,3
my,650
blots,1
odd,5
these,69
outside,3
quickness,3
positions,1
beheld,2
rules,2
advances,1
card,10
dead,5
inferior,5
farther,15
close,9
throughout,4
meadows,1
ankles,2
discernible,1
clouded,1
attacks,3
imitated,1
new,26
folios,1
christian,2
coachman,1
nothings,1
make,168
gardiner's,13
portraits,2
exact,3
abide,2
introducing,4
presumed,1
meryton,57
acceptable,6
persuasions,1
struck,14
healthful,1
carriages,6
flew,2
',1
studied,2
eating,2
largest,1
exercise,6
weighed,2
'had,1
mismanagement,1
deserted,1
yield,4
visitors,14
asking,14
shift,1
openness,3
unsocial,1
sell,1
proud,22
counterbalance,1
savage,1
directions,7
rejoined,1
many,120
therein,1
untinctured,1
powdering,1
delighting,1
eloquence,1
again,177
above,21
directed,9
parish,9
educational,1
resented,3
coarse,1
disgust,5
calls,1
falls,2
respecting,3
indirect,3
coolly,4
augmented,1
domestic,7
school,2
alluding,1
anywhere,3
probity,1
favourite's,1
liveliest,3
larder,1
dissipation,1
appeal,2
lucas's,5
william's,6
intrepidity,1
protest,1
obsolete,1
asserted,1
forster,38
persisting,1
restless,1
maximum,1
tone,16
shameful,2
recent,5
approached,6
blush,4
loo,2
rob,2
independent,2
of,3711
welcome,12
annexed,1
favourably,2
severest,1
books,12
presentation,5
concealed,7
liked,27
bear,25
fairest,1
veneration,1
flowed,1
say,158
unsolicited,1
vehemence,1
diverted,3
despite,1
detained,3
impatient,8
remaining,9
fitzwilliam,31
tanned,1
eyes,52
mess,1
errors,4
lovely,3
compose,3
colonel,64
pompous,3
describe,7
swelling,1
betray,3
reach,8
neglecting,2
impressive,1
ate,3
overcome,10
troublesome,1
candid,1
near,36
heartening,1
officer,8
estimable,2
parlour,6
arriving,1
silence,34
discontentedness,1
entity,3
successfully,1
loved,10
steps,5
fifth,1
disgraceful,5
neatness,2
ensue,1
merry,3
agitation,6
became,16
scope,1
copse,4
conveying,1
prefer,6
teeth,1
settlements,1
clamorous,1
act,9
perturbed,1
pass,16
grosvenor,2
spread,4
seconded,1
feel,38
punctuality,2
drop,3
thin,5
uniformity,1
stanzas,1
tend,1
integrity,3
mortal,2
lagged,2
occasion's,1
snug,1
nonsense,7
extended,3
parishioners,1
allayed,1
griefs,1
device,1
escaped,5
fell,2
just,71
produced,14
plantation,1
feet,1
retaliate,1
temper,24
demean,1
indulging,1
remonstrance,1
enemy,1
pronouncing,1
swelled,1
vows,1
invaluable,3
occupy,2
dispatched,4
excessively,11
sum,5
preaching,3
graciousness,1
oppressively,1
unvarying,1
misrepresentation,1
communicativeness,1
cool,3
terrific,1
engagements,12
b,2
courtier,1
conquered,1
places,5
benevolence,3
when,355
significant,3
fervent,1
begging,2
younger,29
repugnant,1
downstairs,6
incredible,3
deliberation,4
follows,8
blaming,3
storing,1
resolute,1
explanation,10
scheme,17
clearly,4
punish,3
denying,1
presume,2
militia,6
advise,8
brown,1
stands,2
tickets,3
obsequiousness,1
reject,4
stumbling,1
danger,19
reserve,7
sportsmen,1
ebooks,7
shape,2
deserved,6
corporation,1
strike,5
file,2
undetermined,1
assemblies,2
be,1257
enhance,1
bedrooms,1
storm,2
reader,3
grace,1
sufficient,4
ached,1
speaker,1
expense,7
comforted,1
bidding,3
melancholy,5
appears,4
stockings,1
corner,1
guidance,2
eloped,1
broken,7
scores,1
conjunction,1
makes,8
incumbent,4
indecision,1
astonishment,30
attempting,4
bye,3
posted,5
full,32
mind,57
per,3
scruples,4
stateliness,1
connection,20
revenge,2
happily,5
sensibly,2
immediate,14
attendant,1
condescends,1
described,6
frame,1
pointedly,1
involving,2
emptiness,1
fortnight,21
gratification,1
lives,4
goes,2
alterations,1
science,1
pleasant,21
open,17
offense,3
retirement,2
bearing,2
simpers,1
delightfully,4
stand,10
drive,4
whims,2
coachman's,1
capital,3
establishment,6
repeat,5
sadly,2
way,110
retained,2
air,30
tongue,3
courting,1
minutes',5
behaved,8
unwelcome,4
ragout,1
husbands,4
glories,1
sex,7
violent,9
expects,1
repaired,3
affront,4
altogether,8
pour,1
inferences,1
insupportable,3
constantly,3
brittle,1
green,3
grandfather's,1
suggested,5
nearness,1
licence,2
solid,1
attempt,21
honest,1
port,1
that,1487
twice,14
youth,9
fancy,19
rapid,3
prosperity,3
replacement,5
join,19
fire,6
brightened,1
goodwill,2
variance,1
persuasion,7
contrary,10
settling,3
living,24
afford,7
proverb,1
promotion,1
avowed,3
gaped,1
slow,2
bless,3
robinson's,1
to,4218
cause,21
super,1
aside,4
most,187
softened,6
sight,17
till,92
each,64
mistrust,1
infinite,2
cried,91
enough,106
quarters,2
importuned,1
wrote,21
fortunes,1
novelty,5
amused,6
livery,2
disgusted,3
shortness,1
wavered,1
impatience,10
eminence,1
anecdotes,1
austerity,1
he,1296
graceful,1
execution,4
pair,2
implicitness,1
yes,24
parent's,1
duration,2
barely,1
render,3
hearers,1
careless,2
hesitation,3
returning,12
hundred,6
shake,2
surrounding,2
bingleys,4
unbending,1
thorough,3
contrivance,4
obtained,4
pictures,1
accurate,1
silly,12
commencement,2
consider,33
patroness,7
ample,2
drawings,1
arrived,15
proceedings,1
containing,3
examining,4
spacious,1
qualified,3
loose,2
unreasonable,7
elapsed,2
devoted,3
cousin's,8
dwelling,7
garden,12
prided,1
agreeable,45
recommend,12
requisite,1
sections,1
repetition,3
watchful,1
stirs,1
atone,2
organized,1
freckled,1
caused,1
finally,7
boundless,1
went,67
repelled,1
behind,14
pen,3
hanging,1
belief,15
bosoms,1
ornament,1
gayer,1
gives,9
rencontre,1
excellent,18
essentials,2
bitter,2
accounted,2
discourse,7
interpreted,1
undertaken,1
recommenced,1
vacant,5
slighted,3
reading,15
admirable,3
whilst,4
prodigious,1
uncle,59
intimation,1
solicitation,2
dangerous,1
brooking,1
volatility,1
synonymous,1
payments,3
parading,1
controverted,1
greater,25
burying,1
newby,1
proving,1
pleasures,7
suspected,9
witness,3
lofty,1
interrupted,9
amidst,4
deeply,5
description,7
view,17
assured,28
term,1
frisks,1
anybody's,1
sister,180
uniform,2
boy,3
copyright,13
civilities,7
amazement,10
clergyman,8
singular,2
reserved,7
revenging,1
pratt,2
severe,8
church,11
becoming,3
weight,6
instruction,2
visit,53
friend,104
paintings,1
husband,42
preferred,3
refuge,1
twelvemonth,6
ridiculous,4
conscious,3
vexatious,2
neither,37
involve,2
rivers,1
lamenting,1
matters,8
bid,1
converse,4
sat,38
alive,2
set,40
sending,2
dissuaded,1
laughed,11
from,499
surmises,1
pleasantly,4
playfulness,2
data,1
poorly,3
cents,1
forming,4
beneficence,1
inexpressible,1
haggerston,2
little,188
avoiding,2
deference,6
piquet,1
quarreled,1
vacancy,1
luckily,4
unprepared,1
access,10
airs,1
were,562
officiousness,1
preferment,3
none,18
covies,1
sept,1
uncles,3
supplication,1
obstinacy,2
bewitching,1
importune,1
stole,1
answers,1
vain,20
diffident,1
implied,3
trout,1
stay,37
discomposed,2
relations,22
stone,2
meanness,1
misfortune,9
cambridge,1
latest,1
carpets,1
pay,12
aunt,78
gardener's,1
possibilities,1
alter,1
vent,2
sleepless,1
desperate,3
assurances,8
borne,5
propriety,8
world,66
broad,1
vouchsafed,1
unkindness,1
suitable,3
relief,13
stout,2
wonder,34
behaves,2
presided,1
distributing,7
estimation,5
approaching,12
renewed,6
dividing,1
relieve,2
doubtless,2
virtue,10
custody,1
'tis,1
miss,272
acquaintance,52
judgment,2
unfelt,2
resolution,19
accompanying,2
qualification,1
patience,9
lessen,4
banks,2
upstart,1
apology,7
fitzwilliam's,5
also,36
kindly,7
headstrong,4
over,91
references,2
complaints,4
newest,1
placing,3
apparent,3
chimney,1
vanity,18
atoned,1
overhearings,1
westerham,1
peaches,1
favoured,1
speak,65
subscribe,1
momentary,3
awake,2
morris,1
synonymously,1
governess,8
wives,1
dressing,9
fastidious,2
neat,1
wore,2
died,3
manoeuvre,1
suffer,13
spoken,16
disappointment,17
rectitude,1
diligence,1
but,896
proportioned,1
pedantic,1
abode,8
stately,3
protection,2
credit,28
surmise,2
grievously,1
sisters',3
probabilities,1
breakfasted,1
cherish,1
confidence,11
comparative,2
policy,1
progress,5
indefinite,1
longing,2
unknowingly,1
housekeeper,15
allow,32
indicating,1
same,70
unmarked,1
perusing,1
minutely,3
charmingly,2
fellows,2
folly,11
power,42
continually,6
neighbourhoods,1
paragraph,11
congratulatory,1
uncomfortable,7
kindness,29
refreshment,5
dissuade,1
accusing,1
whichever,2
ruin,5
succeeding,4
flirt,4
hard,12
nowhere,1
'as,1
losses,1
unaccountable,2
beneath,5
sources,3
through,44
risk,5
shared,5
joke,3
marks,2
cease,3
point,46
is,859
nearly,9
successful,3
older,2
perpetual,1
thursday,4
horror,5
amazing,2
interrupt,5
model,2
troubling,1
forcibly,4
foreseen,2
uncle's,9
conversations,1
witnessing,1
voluntarily,6
oaks,1
effectual,1
humanity,2
ensuing,1
legacy,1
disclosure,1
old,15
ungracious,3
suffers,1
persons,9
frost,1
discomposure,3
ceremony,5
satirical,1
mr,766
age,15
displease,1
thankfully,1
original,5
nine,2
deduced,1
pity,9
ugly,2
introduce,11
glimpse,2
felt,99
creatures,1
advanced,5
user,3
effusions,2
verses,1
bingleys',1
patient,1
seemed,65
warranty,2
restrictions,2
sympathise,1
met,40
envy,3
noticing,1
frequent,13
guilt,3
special,3
originate,1
handsomely,2
unluckily,3
health,18
stoutly,1
epsom,3
rector,3
gallery,4
undecided,1
valuable,9
inadequate,1
command,6
raptures,7
realised,1
nourishes,1
shaking,2
rose,7
actually,12
finer,5
recovered,6
praises,2
forster's,1
readily,17
visits,5
crowded,3
made,126
force,8
deceitful,2
upbraiding,1
service,8
chance,18
known,57
heads,1
judging,2
originator,1
discharging,2
wiser,1
symptom,4
jenkinson's,1
forbade,1
brotherly,1
arrogance,1
accident,5
hackneyed,1
etiquette,2
authorized,1
doleful,1
qualities,6
singled,2
steward,5
afresh,1
diminution,1
stretch,2
seniority,1
whence,2
glazing,1
pitiful,2
darling,1
separating,1
lobby,1
spoke,42
awful,2
domain,8
road,13
vexed,8
maria,18
injured,4
manager,1
master,25
pales,2
miraculous,2
remembrance,3
human,6
whose,59
comprehension,1
tenor,1
complain,4
fresher,1
abundantly,3
across,5
consistent,3
infamous,4
postscript,3
stir,1
collinses,5
after,199
loves,2
cordiality,4
on,722
grieve,3
blasted,1
houses,4
individually,1
cannot,116
pursue,6
screen,2
heavy,4
simpleton,4
derive,3
corps,6
michael,2
damage,2
eloping,1
hug,1
etc,13
entitled,4
lakes,6
remain,11
christening,1
reckoned,1
research,3
persuade,18
forward,27
encouraged,8
delighted,23
admit,6
beloved,2
speediest,1
discourage,2
hearing,24
unacquainted,1
gentlest,1
keep,27
foolish,8
spanish,1
provided,10
north,7
sermon,2
decency,2
tolerably,14
composedly,3
remarkably,10
appointment,1
contrast,3
paltry,2
justify,6
looked,74
extreme,4
vicinity,1
practice,5
reflect,5
spur,1
morality,1
emphasis,1
leaning,1
unacknowledged,1
got,25
according,8
repose,1
been,514
john,1
indulgence,6
building,3
rings,1
lewis,3
speaking,33
temptations,2
refusing,7
principally,5
believed,37
counterpart,1
guest,5
ladies,74
creditable,2
possesses,1
archive,13
perpetually,3
updated,2
dress,5
amends,5
weary,2
antagonist,1
coldly,2
encroaching,1
assistant,1
prejudices,2
inexpressibly,1
sufferer,1
stiles,1
retain,1
copies,7
sharing,3
yet,71
hastening,2
misunderstand,3
defection,1
grave,9
suspects,1
outlived,1
sweetness,5
suitableness,3
plainer,1
ak,1
ashamed,16
intimidate,1
fancying,4
complied,3
begs,1
suspicious,1
oxford,1
day,130
tongues,1
scarcely,45
embarrassment,10
letter,117
found,69
unenforceability,1
recommendation,4
month's,1
computers,2
talking,39
propose,3
story,9
censure,5
dependence,7
love,91
chaperon,1
present,67
machine,1
injury,1
someone,1
compared,3
grateful,13
eclipsed,1
colonel's,1
binary,1
apprehended,1
luckiest,1
darcy's,44
packing,1
whimsical,1
unstudied,1
coughing,1
knighthood,2
testifying,1
puzzled,1
reluctance,1
sharers,1
deductible,1
net,1
sideboard,1
affords,1
actions,6
jones,4
brighton,24
capable,18
unless,22
sphere,2
nursing,1
scotch,2
consequential,2
likeness,3
lose,11
if,322
tithes,1
chatsworth,1
compilation,1
offend,3
appointed,1
independence,6
price,2
suspend,1
prettier,2
donation,1
slept,1
loser,1
nicholls,2
incur,1
backward,1
intercourse,6
slightly,4
innocently,1
unfeeling,3
measures,3
belonged,3
repented,1
gate,6
resigned,6
desired,6
your,426
balls,8
dwell,2
glowing,1
conversible,1
sameness,1
staying,10
deprived,3
sir,76
convey,2
faithfully,1
mutually,1
teaching,1
online,4
disbelieving,1
heard,84
within,38
intervals,3
admitted,9
rises,1
unequal,4
impropriety,5
dined,7
urgent,3
housekeeper's,1
showed,7
further,22
reasoning,1
varieties,1
attachment,27
manor,2
officers',2
admittance,1
mayoralty,1
apt,1
abusive,2
stop,4
modified,1
format,4
confusion,11
knowing,27
unchanged,1
staggered,1
anecdote,2
exposing,5
ramsgate,3
desiring,2
untidy,1
precision,1
joining,5
furnish,4
continued,51
beautiful,15
feared,11
assisting,2
study,7
animal,1
offering,3
sign,2
genius,2
peculiarly,3
coarseness,2
able,54
lovers,4
ascended,3
pray,20
provisions,1
custom,2
estimated,1
united,17
development,2
fortnight's,2
occasional,6
common,19
answer,65
carriage,44
honour,42
upper,2
vague,2
condemn,3
particulars,20
despaired,3
seeing,60
designing,1
agitated,5
unalloyed,1
nightcap,1
probability,9
accomplished,12
bequest,1
fashionable,1
kindest,1
ramble,2
loveliest,1
mouth,1
disquiet,1
anticipate,1
observation,14
never,217
injustice,4
void,2
destructive,1
duped,1
hating,1
stored,1
rant,1
arose,5
overheard,3
derivative,3
decline,2
confident,3
submit,3
tires,1
endeavoured,10
nephew,19
opposed,5
haste,9
papa,5
irritable,2
enter,12
increasing,11
generations,3
obstinate,3
alarms,1
goodness,10
insufferably,1
changed,8
effort,7
assisted,4
repent,1
ten,32
associated,8
consigned,1
errand,1
salt,1
sincerity,4
talent,2
defined,2
pressing,5
courage,12
lurking,1
termed,1
arrangement,8
large,23
date,6
indicate,1
files,2
outstripped,1
parents,7
represented,7
letting,5
observe,10
retail,1
fearless,1
scotland,8
triumphant,2
misconduct,2
scolded,1
how,203
wealth,3
tranquil,2
discharge,2
take,78
dissatisfied,4
finds,1
doubt,37
title,2
injunctions,1
improvements,1
suspicions,4
anne's,1
involuntarily,2
announced,3
clerical,1
spend,13
contrived,3
judge,12
effusion,2
hands,7
offended,9
niece's,2
foot,1
arguing,1
times,20
ridge,1
wet,2
ante,1
troop,1
recollections,8
commerce,1
treated,7
loudly,2
netting,1
dark,2
assume,3
mary,37
groundwork,1
pleasing,22
syllable,5
mingling,1
symmetry,1
gravel,3
preparation,1
purpose,20
children,25
vigour,1
chair,6
detect,1
indistinctly,1
awakened,4
without,177
young,130
viewing,4
deficiency,2
laughing,10
unaffected,5
indirectly,1
declaration,5
leads,3
inconsistency,2
higher,4
adapted,3
culprit,1
hastily,9
pathetic,1
repeating,6
last,121
dislike,23
objection,15
censured,2
welcoming,1
other,224
poor,36
porridge',1
bears,2
mortifications,1
commonest,1
compromised,1
impolitic,1
proficient,1
london,55
overtook,1
spleen,1
avoided,1
shy,2
first,145
awkwardness,3
licentiousness,1
privilege,3
tall,8
offence,2
govern,1
courtesy,2
eliza,22
imputed,4
unwell,2
entreating,1
bewailed,1
saucy,1
wind,1
mischance,1
idleness,2
noblest,1
extravagant,4
sixteen,7
inattentive,2
morrow,5
haughty,3
publish,1
fellow's,1
insensible,4
unanswerable,1
walks,4
paid,24
nicely,1
calculation,1
insist,6
rapturously,1
ward,1
message,3
grasp,1
seeming,3
listening,10
master's,3
possessor,2
detest,3
noisy,3
go,102
november,5
sonnet,1
disengaged,2
inflict,2
dale,1
triumphantly,2
heavens,1
asked,40
intended,21
acknowledgments,2
careful,4
intimacy,10
depend,22
characteristic,2
shillings,1
changing,3
foundations,1
solidity,2
familiarity,2
gbnewby,1
valued,5
ostentation,1
indeed,78
activity,4
lost,29
year,28
learning,1
dining,17
communication,11
influencing,1
interruption,10
dish,5
eligibility,1
satisfaction,27
forgetfulness,1
pursued,2
revenue,1
scarborough,1
straws,1
pointed,5
continual,3
advisable,6
impartiality,1
miles,16
question,23
promise,17
residence,4
fearful,5
private,11
prepossessed,1
invitations,1
despise,3
teasing,7
indolent,1
noble,11
proposal,10
sportive,1
established,7
angry,17
give,127
panegyric,2
consolatory,1
anyhow,1
dictatorial,1
suspicion,9
amazes,1
including,10
faulty,3
staid,2
conscientiously,1
early,28
created,7
ultimately,1
character,65
energetic,1
blemish,1
section,7
lead,6
consequently,10
strictly,1
chatty,1
abundant,1
fate,2
our,76
humoured,1
solemnity,5
interfering,1
venison,1
players,2
confirms,1
commendations,1
throwing,2
redress,1
entreaties,4
surveying,1
behave,2
uniting,1
blacken,1
sister's,38
strongest,1
disarm,1
believes,1
scold,1
youngest,13
charities,1
differently,7
address,20
displeasure,6
flattering,4
deep,7
humour,21
vex,1
woody,2
piece,5
expressing,8
idle,8
do,342
yawning,1
quartered,3
footing,2
embargo,1
allowed,26
insulting,1
decidedly,4
bitterly,2
links,3
necessary,31
lord,11
profession,7
despicable,1
purse,1
nor,70
all,633
carelessness,2
ductility,1
supposing,14
keeping,6
commended,2
into,142
shops,1
avowal,3
born,2
universally,3
unexpectedly,3
introduced,9
tells,1
alone,31
remind,2
desirable,11
separated,3
inspires,1
periodic,1
sudden,8
principle,5
accompany,3
amount,2
hursts,1
entreat,6
owned,3
exhibition,2
they,587
meanwhile,5
could,524
completed,2
knew,57
i,1749
tastes,1
regarded,3
err,3
biting,1
counteract,1
cherished,4
haunt,1
inflexibly,1
previously,2
apprehending,1
hotels,1
overlooked,3
attentions,26
similar,5
branch,1
whom,85
removing,3
public,21
comprise,1
physical,2
aroused,1
feelings,86
substance,3
limits,1
checked,5
wanted,24
outrun,1
day's,4
warned,1
fixing,2
survive,3
pleases,2
soon,216
assuring,4
delivered,4
allowable,1
determination,3
jenkinson,8
safest,1
stage,1
secrecy,10
chances,1
georgiana,12
trimming,1
kissed,2
preside,1
verily,1
weakened,1
furniture,10
habits,3
forbearance,6
celerity,1
anticipating,2
move,3
sad,4
occasions,8
noticed,8
wearisome,1
commercial,1
disinterested,3
philosopher,1
unsettled,3
replied,103
sincerely,9
freedom,4
o'clock,5
walked,44
draw,6
assertions,3
obligations,3
pleased,39
induced,2
friday,1
indignation,8
unprotected,1
taxes,1
deter,1
happiness,72
tenderly,2
dejection,3
sounds,1
an,354
glen,1
nectarines,1
dupe,1
attempted,4
search,3
acceding,1
immediately,60
shorter,1
sagacity,1
see,152
eloquent,2
tackle,1
recognizing,1
descending,2
warrant,1
echo,1
talks,1
acutest,1
charming,19
conceive,3
nobody's,1
concluded,10
suffered,8
prior,2
sea,1
disturbers,1
contradicted,1
fervently,1
insisted,1
contain,8
wits,1
belong,3
roasted,1
selfish,7
frightened,7
mile,5
unreserved,3
once,57
donors,1
theirs,2
forfeited,1
preference,10
calculate,2
meditated,2
literary,13
bent,3
appeared,31
novels,1
overlook,3
dishonourable,1
recall,2
tormenting,1
applies,1
convinced,40
spokesman,1
pemberley,53
hoped,20
additional,6
faint,1
nephews,2
advantageous,2
cleared,2
crushing,1
later,3
hand,24
education,11
four,34
humbled,4
superseded,1
deemed,1
vices,1
disclaim,2
strict,1
affability,4
defied,1
score,4
neighbouring,2
collected,3
pleasanter,2
conceit,4
diffuse,1
discredit,2
imperfectly,1
ran,13
slightest,3
learnt,14
withdrawn,3
duchess,1
stronger,6
extort,1
elated,1
change,25
collins's,24
resentful,2
shameless,1
witnessed,4
survey,1
creditors,2
preparations,2
georgiana's,3
permit,1
everybody,36
interval,4
frighten,1
trait,1
formation,1
appeals,1
esteem,11
personal,2
increases,1
grove,3
likelihood,5
ride,3
relieved,8
praised,2
undeserved,1
foundation's,3
conjecturing,2
curiosities,1
anguish,2
instructed,1
acquire,1
race,1
result,5
injure,2
absurd,5
closer,1
wickedness,2
pretensions,5
requested,2
shall,160
proceeding,6
defects,5
lane,10
desperation,1
crying,2
entirely,25
violates,1
phillip's,1
true,22
materially,5
natural,22
cleanse,1
dr,2
inspire,1
ostentatious,1
using,5
inches,1
falsely,1
while,74
consult,3
alternate,2
understanding,21
fight,2
jane,266
unhappiness,2
paint,1
enraged,1
shine,1
hope,122
bennets,10
elegant,14
executors,1
purchased,3
turning,13
misery,14
warranties,3
suited,3
spiteful,1
distributed,4
flat,1
danced,12
idea,49
acquiesce,1
spoilt,2
trouble,21
disagreeably,1
querulous,1
manner,97
occupied,6
mixture,5
illustration,1
discovered,8
tendency,3
valley,4
despair,1
whole,79
line,8
upbraided,1
departed,2
gratified,14
struggles,3
dismission,1
dresses,1
dismay,1
prized,1
pitied,3
stranger's,1
lowness,1
extent,8
rid,5
coming,60
applying,3
reasons,5
'you,1
attributing,1
internal,1
thanks,14
evident,18
meditate,2
hardly,46
ladyship,30
retains,1
monotonous,1
monosyllable,1
reported,1
caroline's,3
afraid,37
filling,1
prettiest,1
ensuring,1
indiscreet,1
rough,1
lessening,1
decent,3
objected,1
criticise,1
ceaseless,1
ut,1
came,90
occasion,37
circulation,2
stability,1
bennet,294
hurst's,1
evenness,2
forbearing,1
frailty,1
corroboration,1
favourite,21
difficulty,8
revive,1
any,304
previous,4
decamping,1
twenty,10
founded,2
lifted,2
experienced,4
disclose,1
observations,3
speculation,1
recital,3
equals,1
mindful,1
mingled,1
fill,1
birds,2
temporary,1
bowed,3
alarm,14
tete,4
conveyed,2
perhaps,65
gretna,2
guinea,1
eat,5
rest,40
plate,1
u,3
abatement,1
forego,1
labour,1
miseries,1
alleviated,1
sally,1
complaining,1
fatigue,4
maintained,2
proficiency,1
exclaim,1
unconcern,3
conjugal,2
mentioned,28
corrupt,1
retired,3
blameable,1
brevity,1
dance,32
non,1
unconnected,4
soul,2
gloomy,2
unpleasing,1
recovering,5
irish,1
instantly,31
inquiry,10
inn,7
inns,1
witty,1
post,5
wood,4
lucas,65
muslin,3
fond,16
healthfulness,1
unquestionably,1
joyful,2
doubled,1
heedless,1
reappear,1
refrain,3
goals,1
consternation,1
easily,27
overthrow,1
kill,1
unshaken,1
musical,1
assumed,1
disgraced,1
profess,1
decisions,1
resume,1
warmth,8
curiosity,23
quarrel,5
disposal,2
lydia,130
acutely,4
forms,2
as,1174
paper,6
charges,1
unblemished,1
persevering,1
conditions,1
art,3
visible,5
gallant,1
omit,1
lover,5
regulars,2
argued,1
pliancy,1
lanes,1
heightened,8
lace,1
flogged,1
formal,8
shortly,12
philosophic,1
'lately,1
scruple,4
comes,16
taste,13
affording,2
sprained,1
scale,1
learn,11
unfortunate,6
used,23
maria's,2
preservative,2
hill,10
defend,3
pulvis,1
pronounce,3
state,24
gregory,1
procure,1
indemnify,1
reminding,1
clarke's,1
depends,1
improbable,7
kenilworth,1
duel,1
impertinent,6
awoke,1
signal,2
accidental,3
the,4479
ago,26
speeches,3
proudly,1
mistakes,2
weakest,1
conquest,2
want,44
cousin,41
correspondents,1
kympton,1
imagine,27
declare,8
treatment,5
indispensably,1
presumption,3
followed,25
familiar,3
goulding,1
beholding,3
harmony,1
liverpool,1
wink,2
performing,3
evade,1
summons,3
james's,6
swell,1
herself,227
tents,1
composition,1
rail,1
composure,16
allusions,2
kitty,67
provision,3
poultry,3
inconceivable,1
stables,1
agreement,21
kept,17
really,87
up,124
bribe,1
opposition,3
deprive,1
talk,32
doors,8
gracious,8
contains,1
vingt,1
think,211
derbyshire,24
events,5
magistrate,1
success,18
contained,7
bestowing,1
damages,4
birth,5
explore,1
intervene,1
no,469
duplicity,2
spared,8
officers,29
closet,1
curtsey,3
sick,6
size,4
pens,1
disgusting,1
scorned,1
twelvemonth's,1
enjoying,4
inconvenient,4
accordance,2
thousand,34
committed,1
harm,4
visited,4
bourgh,35
returned,45
where,89
unconsciously,3
provoked,3
reconciliation,2
tear,2
rage,2
personages,1
superior,18
unknown,8
sofas,1
diffused,1
best,41
mounting,1
looking,28
repressed,2
meanest,1
confused,4
amid,1
tried,16
perfectly,46
wanting,7
inhumanity,1
guess,5
wise,5
spite,23
impute,1
donate,3
identification,1
seat,6
handwriting,1
exclamations,3
considerable,11
favour,22
afflicting,1
beforehand,1
here,66
remarked,1
niece,20
characters,3
venture,5
searching,1
deal,34
compliment,26
manifold,1
comprehended,3
bitterness,5
efficacy,1
somehow,2
kingdom,4
simple,1
sooner,13
substitute,1
expressed,26
courier,1
involves,1
designed,5
leaving,18
adopt,3
happening,2
'oh,1
fronted,2
enabled,2
him,753
escaping,1
supper,11
milliner's,1
vouch,3
slave,2
perceive,7
cook,1
seize,1
eleven,1
overjoyed,1
insignificant,1
hall,12
allowances,1
delay,6
infatuation,1
satisfactions,1
discovery,7
lightness,1
foretold,1
sore,1
scorn,1
county,6
very,473
detestable,1
intelligent,4
occurred,14
threats,1
additions,2
benefit,5
acknowledged,20
splendid,3
alarming,5
surprise,37
undiminished,1
childhood,1
thinking,21
forwarding,1
ventured,7
excellency,1
phaeton,4
hurt,6
acted,6
sarah,1
doubts,2
coughs,1
imprudence,9
hardest,1
betrayed,4
aloof,2
conciliate,1
difference,10
conceited,6
anew,1
luckless,1
reduced,4
flirting,2
unattended,1
march,3
expend,1
inferiority,3
alike,2
succeeds,1
we,238
syllables,1
only,215
scheming,1
things,30
various,10
hates,2
project,83
shed,1
gross,3
quarreling,2
indignant,2
afterwards,32
triumph,10
courteous,1
irremediable,1
require,4
shopping,1
possessed,2
lastly,1
overthrown,3
replace,1
remarks,8
anxiously,2
collection,8
exclaiming,4
covered,2
hurrying,3
annesley,3
regimentals,3
conjecture,7
nose,1
eyelashes,1
lately,11
bonnet,3
gates,2
landlord,2
group,3
mere,5
bore,9
debts,10
fame,1
affectionate,17
gain,2
managed,1
universal,3
important,11
officious,3
themselves,34
assembly,9
anonymous,2
official,3
suspecting,2
right,42
comprehend,19
ones,6
abominate,2
humiliating,2
edged,2
assert,5
hopes,23
redistribute,1
adoration,1
fancied,7
spars,1
tidings,3
reception,9
cheap,1
discussed,3
matrimonial,1
despicably,1
descent,3
propensities,1
protect,2
obtaining,2
rapidity,4
convince,4
susceptibility,1
grief,2
fish,5
condolence,1
merited,2
lived,14
referred,1
distraction,1
smirks,1
eligible,7
flow,4
godson,2
tenant,1
trusting,2
perplexity,2
fetch,3
despised,3
concerto,1
rate,5
rejoiced,9
misrepresented,2
needlessly,1
position,1
engagement,20
acquainted,24
army,3
concern,26
misused,1
salutation,4
phrase,4
p,1
satisfied,34
heaven's,2
shop,6
bandbox,1
petitioned,1
violated,1
restraint,5
contributions,2
clapham,4
hesitating,1
exchanged,1
expence,1
welfare,5
piqued,1
concise,1
inconsistencies,2
wishing,14
publicly,3
possible,56
coincide,1
grand,2
subsided,1
ebook,10
thirty,4
parties,12
creating,4
weep,1
strictest,1
consign,1
pitched,1
father's,19
perforce,1
involved,3
informs,1
junior,1
apologise,5
compassionate,2
equipment,3
earthly,1
stated,2
emphatic,1
however,135
depressed,2
anne,4
exultation,1
adjusting,1
revered,1
discourses,1
trembling,1
aunt's,6
speech,12
stating,2
communications,1
intrigues,1
threatened,1
taciturn,1
numerous,3
ingenuity,2
jealousy,4
cost,7
showing,4
bit,3
let,65
alas,2
stream,4
bold,2
dull,4
convenience,3
steady,12
profit,2
seasonable,1
rattle,2
advised,3
win,1
www,2
resistance,2
delayed,6
latterly,1
advising,1
restored,2
likewise,17
foresaw,1
considered,23
wished,39
highest,9
information,34
conversed,1
condescended,5
bracelets,1
lesson,2
colds,1
inconveniences,2
dazzling,1
send,25
endeavours,7
decorums,1
sarcastic,1
complaisance,5
determine,14
godfather,1
remains,5
certainly,63
drawn,8
consent,13
sensation,3
men,34
specified,2
arm,3
following,26
nonsensical,3
respective,1
boast,11
firmly,1
demands,1
begged,8
upon,71
authorising,1
michaelmas,2
determined,32
others,54
believe,85
seen,75
doorway,1
specific,1
seminaries,1
blessing,4
eastbourne,1
kinds,1
sanctioned,2
defy,4
suppose,48
blamelessness,1
imposed,4
table,28
attained,1
youths,1
newcomers,1
calmness,4
butler,1
course,47
tired,4
inspiring,1
punctually,3
concerned,18
often,90
certainty,8
vary,3
happiest,10
design,21
received,66
effects,3
repine,4
basis,1
repel,1
due,11
disapprove,1
resentments,1
overflowing,1
violently,5
spreading,1
stress,1
sorrow,4
fourthly,1
coach,10
uneasy,8
stared,5
checking,2
volunteers,8
dose,1
deaden,1
live,21
whatever,31
couples,1
endeared,1
blow,1
excuse,15
paler,1
improper,2
pain,28
'bingley,1
mary's,1
elevating,1
transition,1
instability,1
excite,3
apparently,2
seduction,1
partly,2
professing,1
add,12
humbling,1
barbarously,1
loveliness,2
included,5
relation,11
paining,1
bow,11
coloured,5
performed,7
breast,2
overcame,3
glove,1
laws,8
drew,19
bottle,2
jokes,1
lieu,4
break,2
commendable,1
running,9
pure,2
occurs,1
drawing,21
explained,9
manage,3
impurities,1
solaced,1
thankfulness,1
patron,3
sports,1
elevated,2
gardiner,84
satisfy,11
impressing,1
gracechurch,7
emotions,1
comparison,13
attitude,1
strikingly,1
hardships,1
loss,17
vexing,1
dirty,4
changes,1
next,70
admires,2
types,1
reasonably,4
stiffly,1
visiting,5
resides,1
practically,1
extraordinary,16
contract,1
prudent,4
gown,7
separate,6
reproaches,1
objects,7
towards,67
itself,9
surrounded,1
lady,176
irrevocably,1
quietly,8
assent,1
reminded,6
rendering,1
conquer,2
gaining,3
partridges,1
overflows,1
free,12
deletions,1
impunity,1
son,22
built,3
proportion,4
proposed,5
disposed,15
soldiers,1
getting,7
inherit,1
missed,3
merits,1
valueless,1
invention,1
decisive,2
together,64
earliest,6
explicit,2
rejection,2
pauses,2
waking,1
filial,1
representations,1
lieutenant's,1
doubted,8
genteel,3
edward,1
problem,1
authoritative,2
representation,4
appearance,30
accustomed,2
arranged,2
prettyish,1
elevate,1
dwelt,5
propitious,1
accuse,4
federal,2
playful,2
intermission,3
alienated,1
abuse,2
wholly,26
intimidated,1
cordially,3
dispute,2
points,4
advice,15
hair,3
enumeration,1
retaining,1
incredulous,3
consented,2
invited,11
mutual,5
turned,43
hatefully,1
whether,51
extinguished,1
civility,42
denominated,1
else,43
circulated,1
ceremonies,1
sufficiently,5
case,32
finish,4
hotel,1
short,43
board,1
freely,8
painful,14
neighbours',1
debt,4
permission,13
lowest,1
denied,3
rejoice,7
secured,4
chambermaid,2
deciding,1
attack,4
elope,1
perfections,2
'ah,1
minutest,1
continuance,3
mode,5
jot,1
get,52
failing,2
or,368
throat,1
everybody's,2
accuracy,1
defect,7
fingers,3
and,3504
catherine,110
mansion,2
ourselves,8
victim,1
watched,7
unguarded,4
gets,1
carried,8
regard,49
overruled,1
scrutiny,1
faculties,1
pretend,7
de,39
mischievously,1
june,4
august,2
unwilling,10
staircase,2
mature,1
store,1
combated,1
complimenting,1
cared,7
disgracing,2
gentlemanlike,8
talked,38
gloom,3
ponies,3
irregularity,1
circumstances,28
superciliousness,1
highflown,1
sheets,1
adieus,2
flutterings,1
wonderfully,2
attached,12
philips,1
reluctant,2
courted,2
computer,2
earlier,3
detaining,2
servant,15
because,57
contracted,3
unlink,1
explicitly,1
hitherto,2
those,60
woman's,4
state's,1
belongs,1
colouring,3
congratulation,1
performers,1
daughters,49
congratulations,12
embraced,2
gamester,1
shewed,1
i'm,1
undone,1
handsome,37
commissioning,1
unallied,1
complained,1
prepared,10
forced,20
earl,1
songs,1
trial,2
undoubtedly,7
bribery,1
foundation,26
hypertext,1
develop,1
eclat,1
calling,15
china,1
confidently,1
party,58
satin,2
thereupon,2
feels,4
abominable,6
agony,1
'having,1
quarrelling,1
firmest,2
undervalued,1
disclaimers,1
moral,3
encounter,3
deservedly,1
dine,16
intimate,13
sorry,34
breaking,2
worn,2
lodge,8
testimony,2
surmount,1
lodgings,5
sharpened,2
joints,1
jewels,1
environs,1
foxhounds,1
shrubbery,4
attacked,1
inclination,22
gift,1
fine,31
injunction,1
against,53
inheriting,2
perfect,17
sacrificed,1
impartial,3
possibly,8
chicken,1
memories,2
minutes,32
swamp,1
adding,5
third,7
kinder,2
opportunities,2
endurable,1
clever,7
fighting,1
adds,3
writing,16
sentiment,7
impossible,42
resource,1
fugitives,1
confirming,2
sincere,10
unfit,2
gaieties,2
tractable,1
perseveringly,1
expedient,2
archly,2
superintendence,1
indolence,2
permanent,2
complexion,7
compassion,14
studier,1
mercenary,5
high,17
symptoms,2
thus,28
self,24
body,2
overbearing,1
louisa,5
pretence,1
natured,1
letters,16
negligence,2
doings,2
prompt,1
recognized,1
lad,1
leisurely,1
maintain,1
passions,1
frankly,1
reputed,2
disinterestedness,1
conduct,23
picture,13
thoughtlessness,3
applied,12
selected,3
punch,1
devoting,1
added,71
pretending,3
horse,3
revolt,1
grieving,1
flying,2
passed,61
allurements,1
turn,27
premeditation,1
wait,17
repulsive,1
dishonesty,1
wandering,3
needlework,1
explanatory,1
kitty's,2
backgammon,2
edition,1
city,2
rein,1
gravely,4
appearances,1
glance,7
heavier,1
editions,4
contentment,3
thankful,8
prevented,23
lot,3
variation,2
reference,2
larger,6
bed,5
condescendingly,1
humiliation,2
royalty,3
trademark,10
establish,1
killed,4
something,69
efforts,5
note,8
pavement,1
sentences,1
intrude,2
admiring,2
gone,62
lodges,2
laconic,1
canvas,1
unnaturally,1
avenue,1
reverie,1
recollect,6
successor,1
hurts,1
like,76
broke,2
such,389
discrimination,1
oddities,1
range,2
roused,6
nominally,1
occupation,1
bottom,1
meat,4
smiling,10
brain,2
cultivation,1
regret,19
imaginations,1
impassable,1
entrance,13
request,13
covering,2
comparisons,1
utterly,1
man's,5
incurred,1
tent,1
benevolent,1
another,56
questioned,3
collect,2
boasted,2
opening,13
calico,1
simpered,1
painter,1
longbourn,88
dictated,1
night,34
slyness,2
somewhere,4
bounds,1
transport,1
example,5
statements,1
asperity,1
gulf,1
confiding,2
vow,1
handkerchief,1
distribute,7
refinements,1
totally,8
dissolved,1
watchfulness,2
animated,2
then,168
thank,16
fret,3
persisted,2
artful,1
untitled,1
turnpikes,1
stupidity,4
guide,2
existence,3
objecting,3
wilful,3
odious,3
nods,1
comfortably,2
trifling,5
cheating,1
opened,16
meanly,3
'lady,1
hoping,4
speed,1
prohibition,1
neglected,2
dawdled,1
nay,5
complacency,4
build,1
retailing,1
graces,1
especially,23
either,60
madam,21
predominance,1
languages,1
intelligible,4
outstrip,1
addressing,3
reproofs,2
meditation,1
buying,1
can't,2
carved,1
restoring,1
inconsiderable,1
casual,1
ideas,13
olive,3
educated,2
resolutely,3
profuse,1
insolence,1
array,1
disclaimed,1
refrained,1
forgets,1
unnecessarily,1
importance,23
affliction,1
alteration,8
physicians,1
lasting,2
adventure,2
sinking,3
separation,8
earth,1
silently,3
discovering,1
indifferent,16
prevent,17
wherever,8
discontinuance,1
exuberance,1
finery,2
joined,28
cases,6
richard,1
regretting,2
listener,3
louder,1
path,4
nobler,1
affection,58
cutting,1
somewhat,8
companions,7
tax,8
arisen,5
off,62
wonderful,3
rosings,49
behalf,4
exerting,1
ardent,1
indemnity,1
draughts,2
absurdity,1
report,17
respects,6
yesterday,13
tea,13
banished,3
constant,13
medium,5
field,3
affair,18
charm,6
sang,1
enjoyments,1
mark,4
parting,7
omen,1
glancing,3
forbore,1
rejected,4
legal,3
adhering,1
relates,3
outdated,1
estate,20
network,1
consulted,2
watching,8
already,28
backwards,1
hired,1
saw,103
essential,2
frankness,4
principal,15
elizabeth,594
clergy,1
fitted,6
dutifully,2
howsoever,1
thing,42
style,10
active,6
formerly,7
exhausted,1
cassino,1
suggest,2
opinion,68
informing,2
with,1092
completely,7
thinks,4
irritation,3
announce,4
library,24
delicacy,11
imagined,5
pressingly,1
acknowledgment,3
resentfully,2
fellow,8
includes,1
thoughtfulness,2
insincere,2
arch,1
insolent,4
small,25
insufferable,1
authorised,2
cough,2
intending,7
led,18
coincided,1
mankind,1
assembled,6
action,2
extremely,15
cares,2
woe,1
appearing,7
breathless,2
one,262
cluster,1
learned,3
at,797
unfolded,5
landing,1
insensibility,5
formats,2
regretted,1
instructions,3
heretofore,1
seats,2
admiration,25
half,69
exaggeration,1
improves,2
equipage,1
trade,4
dismissed,3
prizes,1
marriage,66
overcoming,1
advantages,7
deeper,3
tradesman's,1
stayed,7
talents,5
reason,51
swallowed,1
watches,1
contents,9
interview,3
couple,8
coffee,7
racked,1
business,47
consulting,2
warn,4
forgot,5
blowsy,1
chestnuts,1
oh,25
offered,9
ensued,2
exception,1
subject,85
wondered,8
rude,3
explanations,2
aspire,1
resisted,1
deserve,9
hinted,1
ham,1
mistook,1
nieces,9
indicated,1
stiffness,2
appeased,1
catching,1
pains,4
obsequious,1
conscientious,1
uppermost,1
crayons,1
impertinence,8
habit,7
caught,11
stairs,18
guard,7
stroke,2
proceed,5
left,65
park,22
ornaments,2
ruining,1
guarded,9
afforded,5
accompanied,6
condition,3
handsomer,3
journeys,1
feverish,2
clock,1
hurried,10
total,3
mistress,9
compliments,11
disclaimer,3
impenetrably,1
increase,6
pleasantest,1
mean,34
solicit,3
consciousness,2
vigorously,1
luncheon,1
renamed,1
milliner,1
bad,15
match,24
caution,3
anxious,26
evils,8
bowl,1
visitor,11
girls,45
universities,1
canvassed,2
suppress,2
greatest,20
quitting,8
ready,20
forwards,1
summon,1
disservice,1
embarrassed,7
pecuniary,2
tables,3
conducted,2
hesitated,3
wounded,3
says,15
recollected,13
obliged,29
lake,1
plain,11
licensed,1
shocked,7
temptation,7
tenderness,3
arrear,1
uncontrolled,1
headache,2
annum,2
destined,3
perusal,4
liability,3
inventing,1
philosophy,5
meantime,1
burst,3
originally,2
direct,8
allowing,7
falling,3
elderly,1
husband's,8
nothingness,1
readiness,4
inquiring,5
acceptance,4
entered,36
harmless,1
need,20
owe,5
considerably,3
f,6
disliked,4
fit,4
unfold,1
engrossing,1
october,1
feathers,1
dependent,3
meditations,1
steadily,3
complying,6
recreation,1
incessant,1
marry,42
diffuseness,1
resuming,1
written,22
exempt,2
hackney,3
varying,2
assertion,3
gentlewoman,1
bordering,3
wretchedness,2
pledged,2
wearied,1
se'nnight,1
fishing,4
influence,14
plainly,6
inquired,8
s,3
denoted,2
smoothly,1
abruptness,2
remainder,1
implicit,1
composed,3
carter,4
objections,11
villainous,1
unappeasable,1
sharp,2
attach,3
loving,2
serving,1
brightening,1
far,57
fees,4
anybody,23
fourth,2
laurel,1
imperfection,1
exceed,1
regiment,19
exclaimed,8
insinuating,1
blessed,4
electronic,27
captivating,2
angelic,1
spot,7
exhibiting,1
melan,1
international,1
crammed,1
associating,1
turnpike,1
promising,4
breach,5
instrument,11
emergence,1
existed,3
imposing,1
separately,1
tedious,1
obtain,6
blushed,7
consideration,14
assiduous,1
flight,3
gaily,2
notions,3
turns,2
repinings,1
graciously,1
contemplation,4
unjustifiable,2
confirmed,4
petrified,1
winding,1
volubility,1
transactions,2
liberally,2
fix,4
sanction,1
unworthy,4
shield,1
gentlemen's,3
britain,1
joy,12
guilty,2
voluntary,3
show,7
skill,3
exuberant,1
coherent,1
longed,9
exertion,9
tease,2
artificial,1
fuss,1
unite,2
elsewhere,5
usual,34
checks,1
infliction,1
revived,3
italian,1
dropped,3
place,74
thrown,8
imparted,1
promote,4
prominently,2
sakes,2
sake,23
morning's,2
negative,3
condescend,1
plays,1
conciliatory,1
moments',1
enlarging,1
attribute,4
grown,4
springing,2
claims,6
concisely,2
double,2
families,6
ingenious,2
avoid,18
reverting,1
equal,30
defer,3
impudence,3
liberality,2
hold,8
heaven,9
deny,8
late,19
cautioning,2
office,8
done,91
become,9
chooses,8
remarkable,7
second,27
phillipses,2
attorney,3
approve,5
am,316
article,3
fairly,2
features,8
mother,112
stopping,3
restrained,1
comfort,31
version,1
cross,4
his,1247
contrariwise,1
sheltered,2
liberty,7
growth,1
examined,4
gentle,5
said,401
sash,1
instinctively,2
review,3
brought,37
missent,2
prepossession,2
man,146
gratify,2
uncommon,5
possession,10
prudential,1
inherited,1
lies,1
book,17
joking,1
friendlier,1
company,22
pursuing,3
error,6
resounding,1
assiduously,1
people's,4
moreover,11
copying,4
headquarters,1
fee,8
candour,3
denial,3
clearer,1
deliberately,2
archness,1
hunsford,23
encourage,6
travellers,3
seven,1
reflecting,1
multitude,1
ruined,2
receive,31
circumspection,2
trespass,2
agreed,13
disposing,1
fatigued,4
there,327
procuring,3
obeisance,1
seclusion,1
untouched,1
virus,1
desirous,7
irreproachable,1
reconciled,2
purchase,6
sized,1
discreditable,1
regrets,3
involuntary,1
traced,2
fewer,1
destitute,1
blushing,1
professor,1
guests,1
kitchen,1
codes,1
extensive,4
impelled,1
knows,9
moments,10
ill,75
represent,3
formed,16
intellectual,2
startled,2
lend,1
tempers,1
secluded,1
unavoidable,1
flaming,1
affinity,2
discharged,3
reprehensible,3
saying,34
fortitude,1
female,8
farthing,1
commendation,8
copy,12
severity,1
confirmation,5
failed,3
shyness,2
you'll,1
enduring,1
assistance,14
delicious,1
fast,8
hear,72
tens,1
must,314
performer's,1
fortune,39
supplying,1
dying,3
sole,4
account,38
topic,1
uncertain,2
salad,1
earnestly,11
economically,1
struggle,1
differences,1
slacken,1
regain,1
parsonage,18
infamy,4
yards,1
pull,1
curious,5
forgetting,2
disk,1
defense,1
partake,2
chin,1
refused,6
sedateness,1
streets,1
hire,1
conversation,61
exerted,2
evening's,2
employ,2
alarmed,8
gathered,2
engage,5
song,5
folded,1
widely,4
woods,7
making,34
barefaced,1
fretfulness,2
undutiful,1
excessive,4
back,41
treasure,2
hint,12
rich,12
eagerly,14
rise,2
distress,16
hermitage,1
countenance,30
intimates,1
directly,23
worth,15
welcomed,7
liable,3
unpardonable,4
peace,7
pglaf,1
placed,9
correspond,1
edge,2
hesitate,3
neighbourhood,29
uglier,1
fault,7
artfully,1
assist,7
anything,81
consistency,1
obliging,5
clerk,1
determining,2
notion,7
began,59
warm,6
blamed,1
intricate,2
registered,2
distrust,2
achieving,1
rebuke,1
unfavourable,2
miniatures,3
good,190
slightingly,1
benefiting,1
ceremonious,3
attentively,3
regained,1
envying,1
taken,31
morning,77
waived,1
favourites,2
wit,6
carrying,4
lament,3
nothing,173
least,65
'this,1
bowing,1
services,1
frivolous,3
delicate,6
calmly,1
squeamish,1
struggled,2
repeated,21
management,4
unconcerned,2
putting,5
sixth,1
deficient,5
punitive,1
reap,1
dislikes,1
sour,1
prudence,4
ashworth,1
rational,10
travelling,6
verdure,1
suggestion,1
immoral,1
wave,1
daughter's,7
intruding,2
shows,4
notice,24
drooping,1
predict,1
secretly,3
affairs,7
intrusion,3
coats,1
civil,18
familiarly,2
livings,1
fairbanks,1
overspreading,1
divided,4
cry,1
few,72
sentinel,1
attachments,1
suiting,1
lively,15
ordinary,3
springs,1
desire,23
colour,12
chief,16
archbishop,1
drily,2
succeed,3
unjust,4
incredulity,3
oppose,3
happens,4
purchases,2
closely,1
connections,18
regulating,1
wide,4
ease,17
us,122
unheard,1
ingratitude,1
less,77
means,60
detailed,1
scrape,1
surpass,1
disapprobation,7
curtseyed,1
elder,12
profusion,1
lay,6
bell,4
space,2
steadfast,1
feelingly,1
consequent,1
burnt,1
mildness,2
reconciling,1
harboured,1
spirit,9
papers,1
retort,1
lustre,1
walk,51
camp,3
incensed,2
pigs,1
sees,6
respected,3
hints,4
arise,8
regulation,1
clearing,1
exhibit,1
safe,7
admired,12
leading,5
communicated,3
sweet,7
sunk,4
spiritless,2
gracefully,1
class,2
particularly,32
generally,16
separates,1
unworthily,1
speedy,2
shocking,6
sleep,4
seems,22
unimportant,1
forwarder,1
servility,1
cucumber,1
charity,1
indisposed,2
tears,10
occasionally,12
adhered,1
nearer,5
moment,64
forwarded,2
openly,8
parted,14
proofread,1
well,206
months,19
amaze,1
don't,4
unwillingly,4
meetings,2
carry,6
wednesday,9
elizabeth's,38
acquit,2
honourable,6
revealed,2
whispered,1
irretrievable,1
precluding,1
suppositions,1
heartfelt,1
providing,5
reanimated,1
excused,2
declares,1
sequel,1
passage,2
unfrequently,1
you,1300
its,110
depending,2
unlike,4
w,2
intention,15
finances,1
detected,2
declaring,1
license,15
postponed,1
matter,29
discretion,5
employment,6
blame,15
cradles,1
meets,2
bought,5
defiance,3
god's,1
ascii,2
regulate,1
glad,37
more,324
thoughts,25
witticisms,1
ordained,1
abominably,4
practised,1
can,211
charge,14
final,1
land,1
malicious,2
eldest,19
acquired,2
awe,3
great,142
river,6
pollution,1
views,11
years,34
circles,1
jumps,1
yielding,3
unfolding,1
widest,2
below,8
orderly,1
starve,1
obvious,1
expedite,1
shoe,1
sacrifice,8
gentlemen,35
willfully,1
parade,2
happened,24
attend,5
differ,1
signs,1
entertain,5
mien,1
accounting,3
afternoon,3
statement,2
hat,2
gouldings,2
incidental,1
sound,8
joyfully,1
dinners,2
dressed,6
imitate,1
observing,12
giddiness,1
admitting,1
persist,2
thirteen,1
superlatively,1
time,200
april,1
blenheim,1
degree,23
anxiety,19
worse,13
slight,18
treating,1
backed,1
sought,5
rushed,1
amiss,1
begin,12
concerns,8
footman,1
loud,2
local,1
cruel,4
unalterable,1
comparing,2
window,16
wears,1
cruelly,3
gay,2
trees,5
donations,15
sighed,1
peculiar,5
extracts,2
ignorant,16
spent,22
disrespectful,1
rightful,1
attendance,5
abruptly,2
attics,1
forcing,1
include,2
notes,1
abound,1
enemies,1
kiss,1
unintelligible,1
had,1170
denny,12
crowned,1
sneer,1
lasted,3
maternal,2
friends,54
accent,4
was,1838
matrimony,6
pretension,1
hopeless,7
confinement,1
mantelpiece,3
accusation,1
selves,1
sufferings,2
addresses,7
author,1
apace,1
disagreeable,14
arrive,2
contact,4
prevailed,15
avail,1
palings,1
explaining,3
cottagers,1
hurry,11
intermediate,1
premises,1
forty,1
atonement,2
tribute,1
vicious,1
apologies,2
safety,1
firm,3
required,11
may,201
hypocrisy,1
variety,8
supplied,2
highly,28
anticipation,1
appertain,1
invariably,2
considering,13
uselessly,1
paused,3
consoling,3
encumbrance,1
illness,2
recommendations,1
directing,2
gossiping,1
going,57
inclinations,1
irksome,2
costing,1
why,42
ecstasy,2
alighted,1
solely,4
hack,1
rely,1
alleviate,1
starting,1
brings,1
answered,34
authorise,1
interfere,1
seeking,7
dancing,21
exceeded,2
violence,3
shifting,1
form,17
existing,2
sing,5
nervous,4
unmoved,1
avarice,1
status,4
pausing,2
illiterate,1
pope,1
sly,3
facility,1
recede,1
profits,1
meditating,3
shorten,1
different,37
try,12
caprice,4
pride,52
hated,4
adept,1
ardently,2
moderate,2
promised,21
lips,9
viewed,1
unprofitable,1
imitations,1
riding,1
quiet,8
pleaded,1
aught,1
derived,2
reports,2
appease,1
dinner,35
obey,1
breath,2
compliance,6
plead,2
admire,18
wisest,6
fluttered,1
vast,2
mystery,1
doubtful,2
cows,1
understood,13
unforgiving,2
gutenberg,87
mechanically,1
informed,10
advance,3
accepted,18
still,72
disregarded,1
instances,4
perturbation,2
hither,3
unpretending,1
unusual,1
circulating,1
advantageously,2
unlikely,4
decease,3
gravity,4
concept,2
proved,17
trifled,1
brow,1
brink,2
carefully,3
september,1
distinction,5
intolerable,3
looks,12
undeserving,3
positively,2
who,281
dared,13
fingering,1
raising,3
besides,12
forgave,1
shade,2
holder,4
selecting,1
accordingly,6
amendment,2
cure,1
modest,2
nasty,1
blinds,1
subjoin,1
grew,6
accede,1
refusal,7
begun,2
blind,6
stirring,1
which,537
illiberal,1
prompted,1
acknowledging,1
connected,14
deigned,3
emphatically,1
mention,30
noon,2
arranging,2
secondly,3
displaying,6
articles,2
disturbance,1
telling,7
charitable,1
enabling,1
risen,1
webbs,1
suspended,2
declined,6
counteracted,2
tranquillity,5
detain,2
reverse,1
amuse,5
stepping,1
surely,3
instantaneous,1
memory,8
mornings,2
this,463
wandered,2
amounting,1
mississippi,1
rival,1
instructing,1
both,72
absurdities,2
needless,3
readable,2
insipidity,1
penitent,1
prevents,1
praise,22
possess,5
perceiving,4
murmurs,1
confined,5
utter,6
reproof,4
start,5
saloon,2
epithet,1
confidante,2
quick,10
forgiving,1
merit,7
studious,1
quest,7
moving,5
enjoy,8
order,7
rewarded,3
other's,1
accidentally,3
examination,3
driven,5
ascertaining,1
obligingly,1
winking,2
abhorrent,1
weeks,18
breathing,1
motive,17
sides,5
contented,4
wretchedly,1
expressively,2
innocence,1
puzzle,2
shoulders,1
fifty,6
happen,12
generation,1
cover,1
watch,2
se'ennight,1
pause,18
overpowering,1
elegance,9
disinclination,2
dances,10
earl's,1
harshly,1
overspread,3
arrogant,1
serious,24
housekeeping,3
triumphing,1
disturbed,2
village,6
arranges,1
compare,1
wine,3
presents,3
complete,8
benefits,1
originated,2
mostly,1
horseback,2
protesting,4
strictures,1
hers,7
quitted,9
gardiners,6
oddity,1
cake,1
shame,10
himself,127
months',2
sitting,21
discontinue,1
posting,1
easter,3
invitation,34
affections,4
during,27
fainter,2
survivor,1
oblige,6
handed,3
signify,3
hardship,1
purport,2
fruit,1
shock,2
period,15
speedily,6
throw,8
indulgent,1
ineffectual,1
wondering,2
thoroughly,2
grievances,2
hart,2
splendour,1
overpowered,3
tenants,2
enable,1
bakewell,1
companion,16
cards,7
comprised,2
governed,2
toilette,2
intently,2
enjoyment,13
varied,3
dreaded,7
contradict,2
properly,8
patched,1
politely,3
five,32
her,2199
faultless,1
apparel,1
name,33
shan't,3
truly,7
windows,6
worthy,3
affectation,3
finishing,1
borrowed,1
disinclined,1
returns,3
wear,1
agitations,1
states,14
screens,1
objectionable,3
exactly,30
long,116
offensive,2
devoid,1
jumbled,1
tradesman,1
occur,5
duties,2
exciting,2
wound,2
boxes,1
boisterously,1
willing,6
wretched,10
crowd,1
choose,20
sink,3
cheerful,7
divide,3
expressions,12
attention,68
poverty,2
domestics,1
unseldom,1
profligacy,1
page,4
ignorance,7
distance,16
discover,9
availed,1
contrasted,1
angel,3
interruptions,1
distractedly,1
satisfactory,7
rejecting,2
destroy,2
house,106
quit,10
consequence,30
excellence,2
imagination,4
attended,24
precious,2
avoidance,1
stationed,3
beginning,13
requiring,5
occupies,1
succession,1
waiting,10
maintaining,2
polished,2
performer,1
eight,9
e,1
unequally,1
astonish,2
probably,23
stamp,1
boasting,1
by,648
hasten,1
distinguish,2
imaginable,2
counted,1
striving,2
encamped,1
settle,7
stem,1
retrospections,1
rode,2
unsuitable,2
studying,4
payment,1
unfavourably,1
not,1427
standing,13
caring,2
regiment's,3
cheapside,2
work,66
expeditiously,2
ladyship's,12
destroyed,2
politeness,17
pictured,1
difficult,11
nuptials,3
mud,1
distressed,13
fidgets,1
cheering,2
seem,16
hills,3
certain,57
refund,10
sense,35
hereabouts,2
confidential,1
addition,9
home,66
predominate,1
unabashed,1
male,1
trifle,5
lock,1
magnitude,1
gathering,1
regularly,1
iniquitous,1
endless,2
future,18
spirits,39
newsletter,1
rashness,1
king,8
gradual,1
household,1
dishonest,1
butcher's,1
fidgety,1
brothers,2
stretched,1
forbid,4
interpose,1
takes,7
imputing,1
smiled,18
raised,6
charlotte,68
ground,11
defence,2
replete,1
usually,8
cold,18
dignified,3
gratifying,6
hasty,5
quarter,9
knowledge,20
conviction,16
ring,5
mischief,3
remembering,2
clothes,13
pretense,1
improprieties,1
extractions,1
scattered,3
bosom,1
depreciate,1
deceives,1
english,1
disputes,1
informality,1
forgotten,12
eminent,1
fullest,1
disdain,6
abilities,6
oppressed,2
construing,1
lingering,1
drinking,1
understand,31
hatred,1
seated,15
town,64
coaxed,1
bingley's,49
comfortless,1
transports,2
strong,19
hysterics,1
wild,11
wife,44
pack,2
dreadfully,2
unreserve,1
preceded,1
located,4
head,32
royalties,2
inexhaustible,1
sisterly,3
aloud,11
toward,4
flirtation,2
jane's,28
help,44
grounds,6
deepest,2
minute,9
trim,1
comforts,4
formidable,4
bills,1
reasonableness,1
material,9
hearth,1
suddenness,1
mix,1
windings,1
watson's,1
belonging,1
rather,55
stretching,1
likes,9
concealment,2
liberties,1
owed,7
sure,101
deception,1
unjustly,2
forsters,1
guessed,3
comply,9
narrow,2
will,407
woman,56
generously,1
injurious,2
speaks,2
narrative,1
unshackled,1
lambton,10
sheet,3
diffidence,5
disappointed,12
unqualified,1
breeding,5
seldom,9
fastened,1
serenity,3
walker,3
friendship,9
beauties,4
sneering,1
are,350
twelve,4
dullest,1
exceedingly,25
apartments,2
trusted,7
prejudiced,1
heart,45
touched,4
incautiously,1
rationally,3
lines,9
invite,6
repined,1
captivated,1
prove,8
owing,4
perceived,12
cousins,11
attendants,1
actual,6
tell,69
acquainting,1
alliance,3
posterity,1
advertised,1
justified,5
crossed,5
diversion,3
newly,1
encoding,1
civilly,3
bromley,1
disappointing,3
rested,1
precipitance,2
shown,6
pace,1
assurance,15
apologised,2
feather,1
method,6
animating,1
influenced,1
encouragement,10
laity,1
disdained,3
stratagems,1
interference,13
inspection,2
available,1
whispering,3
lying,1
dictating,1
commission,7
contempt,12
manners,45
roads,1
absolutely,17
sensibility,2
grossest,1
causes,5
almost,61
preservation,2
censuring,1
experience,2
cup,1
profligate,1
questions,16
befriended,1
conditionally,1
entering,9
flutter,3
unpleasantly,1
rightly,2
dialogue,2
extravagance,4
step,16
dated,2
damaged,1
undo,2
soothe,1
derision,2
director,1
hedge,1
naturally,12
sunday,9
apologising,4
cunning,1
much,327
northwards,1
evil,14
curtailed,1
possibility,14
correct,2
uneasiness,7
panting,1
timed,1
irreligious,1
retreated,1
tender,4
uncertainty,1
closed,6
law,6
desert,1
hours,26
constitution,1
allusion,4
cautious,4
comparatively,2
reynolds,10
nerves,4
die,4
partner,17
resignation,2
print,1
fluently,1
wishes,34
secret,6
runs,1
trials,1
child,14
aimed,1
grievous,3
undoubted,1
lawn,5
court,4
site,4
everything,44
deceiving,2
dispose,1
instituted,1
rapacity,1
july,1
passing,11
phillips's,5
pounds,24
words,30
balm,1
diversified,1
sends,1
reproach,6
wickedest,1
methods,1
deportment,1
interested,8
malice,2
shoes,1
masterly,1
pleasantness,3
bound,3
negatived,1
thanking,4
palliation,1
suspense,6
obligation,6
relied,1
postilions,1
creature,14
inducement,5
notifies,1
resign,1
uniformly,3
fair,22
red,3
befall,2
procured,4
easiness,3
ankle,1
dropt,2
redistribution,2
complaint,1
hastened,4
trepidation,1
inquiries,23
plentiful,1
incomplete,1
volume,2
passion,2
answering,3
ways,4
eluded,1
proportions,1
language,6
adopted,1
plague,3
foul,1
orders,7
attractions,4
told,69
outdone,1
summoned,5
believing,12
judged,3
quarrelsome,1
participation,1
travelled,1
claimed,3
bestow,7
bingley,255
cooking,1
moderation,2
matlock,2
ask,32
rivals,1
disadvantage,5
departure,6
room,112
correspondence,5
restrain,2
middle,4
realities,1
staff,1
past,9
infinitely,4
heiress,1
warmly,8
demand,4
suit,7
congenial,1
relished,1
industriously,1
fully,5
ordination,1
impudent,1
mixed,2
stepped,1
has,217
phillips,26
satisfying,1
rang,1
conjectured,2
refuse,9
threadbare,2
under,39
faults,4
injuries,1
affirmative,2
subjects,10
merchantibility,1
calm,5
amongst,12
growing,3
observer,2
bare,1
general,54
mislead,1
waiter,3
waste,1
hide,2
preceding,4
decided,11
jewel,1
respectable,14
thoughtful,1
confess,16
capacity,1
contributed,1
horrible,1
richly,1
laughter,2
gaiety,2
oftener,3
assents,1
netherfield,73
claim,6
prospects,4
hushed,1
recommended,9
traces,1
miserable,6
fitness,1
won,4
esq,1
former,39
deferred,2
commissioned,1
unaware,1
friend's,8
palatable,1
alacrity,5
barbarous,1
nicest,1
illustrious,1
them,429
entertainment,6
connect,2
excited,10
cautiousness,1
setting,2
duty,15
disagreement,1
dozen,1
detested,1
punctual,3
produce,6
eager,13
expectations,7
wife's,3
preparing,6
monday,9
horses,8
corroborated,1
waited,7
pg,1
tremble,1
popularity,1
constitute,1
farmhouse,1
daring,2
repining,1
representing,2
wounding,2
caroline,12
mortifies,1
disheartened,1
offending,3
gaudy,1
wickham,159
property,10
invectives,1
overthrowing,1
petulance,1
sent,21
promoted,1
remedies,1
me,431
demanding,1
improve,3
shut,5
union,4
copied,3
contradictions,1
production,1
trying,6
pocket,3
test,1
cambric,1
vindication,2
enormity,1
occurrences,4
quality,2
impulses,1
savours,1
renewal,7
frequently,23
fields,1
wish,98
nonproprietary,1
unpleasant,8
attending,9
assure,39
cessation,1
relinquish,1
abiding,1
amazed,5
awed,2
worldly,2
part,64
whither,2
occurring,2
liberal,5
glow,3
approach,8
income,11
listen,12
cordial,3
fixed,22
convert,2
seriously,13
sport,4
friendly,7
sketch,2
pretended,2
conception,1
process,1
nature,23
nice,5
necessity,11
generous,12
designs,4
fare,2
describing,2
distribution,6
imperturbably,1
fluctuating,1
grow,4
stood,14
writes,1
survived,1
executive,1
january,2
commiseration,1
accounts,3
unnecessary,4
exquisite,1
rapture,2
utmost,10
justly,3
protested,8
please,17
failure,1
essence,1
expose,7
competition,3
disappointments,1
awaited,1
proposals,9
transient,1
soothed,1
mission,4
apprehensive,1
fear,24
haunch,1
legally,2
newcastle,4
authority,9
agreeing,3
yours,14
coquetry,1
gained,11
ascertain,2
accused,2
employments,4
imprudent,11
muffin,1
beyond,35
gentleman's,8
fender,1
insipid,1
creditably,1
reached,18
bashful,1
ended,4
rained,1
hunting,1
wander,1
jestingly,1
blinded,2
west,2
knees,1
warwick,1
dictate,1
greatness,2
ein,1
forgive,10
so,582
expected,42
engrossed,5
occasioned,4
too,141
default,1
singing,3
purses,1
captivation,1
faces,3
condole,2
volunteer,1
event,22
forever,3
masters,2
glass,1
invalid,1
away,120
wickham's,31
contribute,2
detaching,1
useful,6
figure,8
deserves,4
economy,5
probable,12
doubting,2
theatres,1
reflections,9
